{
  "version": "2020.1",
  "applications": [],
  "platforms": [
    {
      "name": "cdma_test"
    }
  ],
  "systems": [
    {
      "name": "hello_world_system",
      "platform": "/home/djshaw/Vitis/workspace/cdma_test/export/cdma_test/cdma_test.xpfm",
      "sysConfig": "cdma_test",
      "applications": [
        {
          "name": "hello_world",
          "platform": "/home/djshaw/Vitis/workspace/cdma_test/export/cdma_test/cdma_test.xpfm",
          "sysConfig": "cdma_test",
          "domain": "domain_psu_cortexa53_0",
          "system": "hello_world_system"
        }
      ]
    },
    {
      "name": "memory_tests_system",
      "platform": "/home/djshaw/Vitis/workspace/cdma_test/export/cdma_test/cdma_test.xpfm",
      "sysConfig": "cdma_test",
      "applications": [
        {
          "name": "memory_tests",
          "platform": "/home/djshaw/Vitis/workspace/cdma_test/export/cdma_test/cdma_test.xpfm",
          "sysConfig": "cdma_test",
          "domain": "domain_psu_cortexa53_0",
          "system": "memory_tests_system"
        }
      ]
    }
  ],
  "others": []
}